{
  "project_info": {
    "project_number": "1084053346199",
    "project_id": "fir-task-1d33e",
    "storage_bucket": "fir-task-1d33e.firebasestorage.app"
  },
  "client": [
    {
      "client_info": {
        "mobilesdk_app_id": "1:1084053346199:android:0e39fb94581a37172316d2",
        "android_client_info": {
          "package_name": "com.example.firebasetask"
        }
      },
      "oauth_client": [],
      "api_key": [
        {
          "current_key": "AIzaSyB46czyCxpIuDsWzx6WuqmzR91ZedT7IKA"
        }
      ],
      "services": {
        "appinvite_service": {
          "other_platform_oauth_client": []
        }
      }
    }
  ],
  "configuration_version": "1"
}